idplayer;descCountry;idade;kills;deaths;KD
79;br;21;36;12;30.000
863;br;18;99;35;28.286
1541;ar;21;16;6;26.667
2669;br;26;27;11;24.545
2030;pe;33;96;41;23.415
1087;ar;;36;16;22.500
1322;ar;22;29;13;22.308
2200;br;21;64;29;22.069
580;ar;;22;10;22.000
1846;ar;32;149;68;21.912
772;br;16;24;11;21.818
1559;cl;31;19;9;21.111
2198;ar;20;73;35;20.857
1905;br;;37;18;20.556
1745;br;24;39;19;20.526
2043;br;23;16;8;20.000
2318;br;;139;70;19.857
1573;br;20;477;243;19.630
458;br;18;31;16;19.375
1947;br;25;124;64;19.375
1100;br;17;29;15;19.333
1459;br;20;119;62;19.194
861;br;;78;41;19.024
1307;br;23;1549;819;18.913
876;br;;46;25;18.400
1908;br;;1476;806;18.313
313;br;22;91;50;18.200
2475;ar;25;90;50;18.000
106;br;21;185;103;17.961
2693;ar;24;61;34;17.941
2635;ar;22;48;27;17.778
1728;br;32;94;53;17.736
1023;ar;23;125;71;17.606
347;br;21;65;37;17.568
2042;br;24;1101;629;17.504
1250;ar;18;45;26;17.308
2222;pe;;45;26;17.308
893;br;21;55;32;17.188
1760;br;;103;60;17.167
1538;br;;80;47;17.021
310;br;;68;40;17.000
1645;br;28;496;294;16.871
263;br;24;3149;1872;16.822
411;br;;37;22;16.818
2545;ar;19;455;271;16.790
727;br;18;112;67;16.716
128;br;20;580;348;16.667
1321;br;21;93;56;16.607
493;br;26;194;117;16.581
2180;ar;27;2190;1331;16.454
283;br;20;274;168;16.310
2123;br;;352;216;16.296
144;br;22;635;390;16.282
2415;br;19;1504;932;16.137
1419;ar;21;863;537;16.071
1455;cl;22;204;127;16.063
672;cl;;59;37;15.946
868;br;19;3530;2229;15.837
2037;br;17;1169;739;15.819
1380;br;20;2255;1429;15.780
2262;br;;850;539;15.770
2521;br;19;22;14;15.714
2474;br;16;444;283;15.689
1700;br;24;299;191;15.654
1060;br;25;302;193;15.648
1922;br;26;23926;15295;15.643
1392;br;18;192;123;15.610
2320;br;21;493;316;15.601
1312;br;19;1826;1171;15.594
1010;br;27;2476;1596;15.514
552;br;22;2544;1644;15.474
769;ar;16;133;86;15.465
644;br;23;1820;1177;15.463
1934;ar;21;108;70;15.429
2187;ar;25;877;569;15.413
2702;br;;100;65;15.385
120;br;23;598;389;15.373
798;ar;23;43;28;15.357
1188;br;26;385;251;15.339
1490;br;22;75;49;15.306
1596;br;22;1682;1111;15.140
2292;br;22;269;178;15.112
563;br;21;2390;1582;15.107
490;br;24;86;57;15.088
679;br;26;6576;4361;15.079
2667;br;24;2818;1872;15.053
2443;br;24;185;123;15.041
497;ar;;72;48;15.000
1887;br;17;6;4;15.000
2190;br;21;27;18;15.000
2028;br;23;2397;1599;14.991
95;br;18;446;299;14.916
1423;br;18;1352;908;14.890
589;br;;530;356;14.888
935;br;;318;214;14.860
734;br;35;31;21;14.762
1710;br;;693;471;14.713
710;br;20;1161;790;14.696
197;br;49;1519;1035;14.676
1697;br;23;813;554;14.675
1648;br;;1213;827;14.667
2691;br;21;63;43;14.651
2665;br;;73;50;14.600
1153;br;;35;24;14.583
1572;br;;2141;1471;14.555
612;br;25;798;549;14.536
698;br;18;1402;966;14.513
343;br;26;174;120;14.500
896;br;;230;159;14.465
1383;br;21;1567;1085;14.442
1061;br;21;736;510;14.431
1532;ar;;36;25;14.400
1454;ar;21;138;96;14.375
914;br;;89;62;14.355
1358;cl;;844;589;14.329
1497;br;27;448;313;14.313
766;br;20;342;239;14.310
1258;br;24;4038;2823;14.304
724;ar;33;20;14;14.286
1625;br;26;905;634;14.274
522;ar;20;77;54;14.259
432;br;25;3973;2789;14.245
1281;br;27;511;359;14.234
288;br;19;603;424;14.222
1171;br;24;2645;1863;14.198
802;br;19;1210;853;14.185
1576;ar;22;78;55;14.182
2176;br;22;160;113;14.159
1564;br;;657;465;14.129
190;br;21;111;79;14.051
864;ar;18;118;84;14.048
2375;ar;18;9113;6491;14.039
2208;br;21;101;72;14.028
2044;br;;157;112;14.018
2464;br;;49;35;14.000
1051;br;25;1849;1323;13.976
1296;br;25;1076;770;13.974
1027;br;22;806;578;13.945
2024;br;17;46;33;13.939
2162;br;24;184;132;13.939
241;br;;39;28;13.929
1489;ar;;1463;1052;13.907
1675;ar;22;25;18;13.889
2676;br;19;50;36;13.889
2352;br;28;1043;751;13.888
2430;br;;2403;1732;13.874
2406;br;;244;176;13.864
1946;br;28;2951;2129;13.861
2374;br;27;6200;4479;13.842
1628;br;;2913;2109;13.812
725;br;26;29;21;13.810
479;br;29;1296;939;13.802
340;br;19;440;319;13.793
324;br;20;95;69;13.768
873;br;27;201;146;13.767
618;ar;18;541;394;13.731
61;br;;1080;788;13.706
1350;br;24;2213;1616;13.694
543;br;20;2253;1649;13.663
1660;br;17;2847;2084;13.661
2258;br;;56;41;13.659
1200;ar;22;1416;1038;13.642
1754;br;41;873;641;13.619
2583;br;19;588;432;13.611
309;ar;23;57;42;13.571
2148;pe;;19;14;13.571
389;br;25;12333;9089;13.569
1777;br;29;4140;3052;13.565
2559;br;21;1134;836;13.565
2613;br;27;2871;2118;13.555
1181;br;27;4389;3244;13.530
90;ar;26;3311;2458;13.470
2211;br;20;1320;980;13.469
2021;ar;27;672;499;13.467
1361;br;22;1264;939;13.461
429;br;25;1465;1089;13.453
572;ar;29;811;603;13.449
2006;br;20;488;363;13.444
2276;ar;20;2017;1502;13.429
1589;br;22;829;618;13.414
1049;br;20;118;88;13.409
1503;ar;19;1080;806;13.400
739;br;19;71;53;13.396
506;br;;217;162;13.395
1267;br;20;758;567;13.369
2654;br;22;1083;811;13.354
1046;ar;17;68;51;13.333
1295;cl;27;52;39;13.333
2436;br;23;20;15;13.333
585;br;33;2933;2200;13.332
1165;ar;21;438;329;13.313
1422;ar;22;4763;3580;13.304
571;br;16;1133;852;13.298
1864;br;19;4971;3740;13.291
2480;br;;81;61;13.279
786;br;23;1752;1320;13.273
1290;cl;21;3042;2295;13.255
994;br;22;408;308;13.247
348;br;27;7231;5460;13.244
424;br;20;1222;923;13.239
1173;br;;201;152;13.224
2164;br;22;2057;1556;13.220
1805;br;34;1028;778;13.213
1989;br;27;342;259;13.205
2550;br;42;1955;1484;13.174
1984;uy;20;1860;1412;13.173
314;br;;25;19;13.158
866;br;31;900;684;13.158
1342;br;26;663;504;13.155
227;ar;29;6678;5078;13.151
835;ar;23;46;35;13.143
791;br;31;10325;7857;13.141
770;br;15;12959;9870;13.130
155;br;20;1568;1195;13.121
1858;br;24;2002;1526;13.119
9;ar;22;1440;1099;13.103
812;br;22;55;42;13.095
391;br;24;704;538;13.086
581;br;22;255;195;13.077
2442;cl;;789;604;13.063
1056;br;20;2751;2107;13.056
2509;ar;32;120;92;13.043
778;br;21;163;125;13.040
1062;br;19;5677;4356;13.033
2120;br;31;275;211;13.033
1789;br;31;314;241;13.029
20;cl;24;15794;12130;13.021
2119;ar;22;980;753;13.015
1915;br;;4387;3373;13.006
2426;br;;26;20;13.000
2526;ar;22;52;40;13.000
1237;br;28;371;286;12.972
682;br;;5124;3952;12.966
665;br;29;2412;1861;12.961
2227;cl;20;422;326;12.945
2479;br;21;787;608;12.944
2305;br;18;4484;3468;12.930
2116;br;22;4164;3222;12.924
1214;br;;62;48;12.917
1288;br;;964;747;12.905
1368;br;43;98;76;12.895
2075;br;35;13603;10558;12.884
2485;br;18;407;316;12.880
584;br;17;760;591;12.860
1265;br;24;54;42;12.857
1427;ar;;437;340;12.853
2648;br;;185;144;12.847
1938;ar;;167;130;12.846
380;br;;208;162;12.840
1826;cl;21;756;589;12.835
553;br;30;4794;3741;12.815
1463;br;33;2658;2076;12.803
462;br;28;1778;1390;12.791
463;br;;303;237;12.785
1083;br;33;426;334;12.754
130;br;25;167;131;12.748
1063;br;18;7267;5701;12.747
467;br;61;3418;2682;12.744
828;br;22;1412;1108;12.744
2453;br;25;2257;1771;12.744
759;br;18;386;303;12.739
2537;br;;484;380;12.737
1316;br;22;1481;1163;12.734
1529;br;25;2469;1943;12.707
1851;br;25;291;229;12.707
168;br;30;1315;1035;12.705
2450;br;23;1534;1208;12.699
2502;ar;19;951;749;12.697
1025;ar;21;99;78;12.692
696;br;;632;498;12.691
2065;ar;27;2759;2174;12.691
925;br;34;3193;2518;12.681
2331;br;22;123;97;12.680
1499;ar;21;4927;3890;12.666
1085;br;21;457;361;12.659
1932;br;27;372;294;12.653
930;br;;455;360;12.639
1451;br;23;2540;2010;12.637
1194;br;;24;19;12.632
1925;br;;96;76;12.632
823;br;27;3804;3013;12.625
2585;br;;246;195;12.615
1037;ar;;29;23;12.609
2630;br;22;4038;3205;12.599
1333;br;22;2420;1921;12.598
52;br;24;1882;1494;12.597
1705;br;25;68;54;12.593
2354;ar;19;374;297;12.593
1808;br;24;4910;3900;12.590
102;br;18;560;445;12.584
2193;br;;2179;1732;12.581
2269;br;;6894;5480;12.580
1004;br;26;239;190;12.579
1980;br;28;4067;3237;12.564
1540;cl;;1635;1302;12.558
2446;br;;54;43;12.558
2438;ar;17;128;102;12.549
1203;br;;89;71;12.535
1189;br;21;965;770;12.532
221;br;23;104;83;12.530
98;br;23;1849;1478;12.510
274;br;22;840;672;12.500
820;br;;130;104;12.500
895;br;22;6950;5560;12.500
1000;br;22;3407;2728;12.489
349;br;26;4274;3423;12.486
920;br;16;6833;5477;12.476
1252;br;27;2696;2163;12.464
1698;br;21;168;135;12.444
2549;ar;22;163;131;12.443
216;br;27;3091;2485;12.439
2243;br;17;669;538;12.435
2387;br;25;1318;1060;12.434
2089;br;28;2666;2146;12.423
1704;br;19;195;157;12.420
2050;br;22;231;186;12.419
760;ar;24;113;91;12.418
317;br;;247;199;12.412
1015;br;37;1364;1099;12.411
1879;br;;2092;1688;12.393
721;pe;14;57;46;12.391
1983;br;28;1385;1118;12.388
799;br;41;1733;1399;12.387
554;br;26;6570;5305;12.385
1031;br;28;2699;2180;12.381
1583;br;;26;21;12.381
2597;br;22;958;774;12.377
2220;br;19;94;76;12.368
2330;cl;27;94;76;12.368
315;br;27;2004;1622;12.355
1074;br;;766;620;12.355
954;br;22;126;102;12.353
2620;ar;;21;17;12.353
1326;br;21;876;711;12.321
1349;ar;23;1055;857;12.310
2690;ar;22;3340;2714;12.307
1348;br;14;524;426;12.300
2708;ar;16;107;87;12.299
254;br;25;874;711;12.293
728;br;31;4930;4011;12.291
2710;br;22;3996;3252;12.288
2345;br;19;10523;8564;12.287
1084;br;21;97;79;12.278
2192;br;25;146;119;12.269
1815;ar;29;943;769;12.263
259;br;21;745;608;12.253
450;ar;23;585;478;12.238
2280;br;19;2336;1909;12.237
2061;br;22;1896;1550;12.232
1150;br;24;925;757;12.219
2410;br;18;874;716;12.207
1927;ar;;488;400;12.200
1558;ar;20;616;505;12.198
707;ar;18;39;32;12.188
793;ar;16;3610;2963;12.184
121;br;16;795;653;12.175
1761;br;25;146;120;12.167
249;br;;5574;4584;12.160
1889;ar;24;6049;4977;12.154
983;br;19;768;632;12.152
2445;br;22;5832;4802;12.145
921;br;22;1943;1600;12.144
1539;br;21;4797;3952;12.138
386;br;17;716;590;12.136
1757;br;22;945;779;12.131
2500;br;23;3405;2807;12.130
404;ar;;297;245;12.122
2653;br;30;463;382;12.120
511;br;24;1691;1396;12.113
2594;ar;32;281;232;12.112
268;br;;1952;1613;12.102
1718;cl;19;329;272;12.096
2580;br;17;3446;2849;12.095
1436;br;25;5205;4305;12.091
943;ar;19;116;96;12.083
1130;br;29;1091;903;12.082
2298;br;;2400;1987;12.079
1960;br;;890;737;12.076
2214;br;19;1740;1441;12.075
1536;ar;20;3016;2498;12.074
89;br;30;3547;2940;12.065
1868;ar;22;5357;4441;12.063
206;br;23;5256;4360;12.055
97;br;;495;411;12.044
1140;br;18;466;387;12.041
2036;br;22;2717;2258;12.033
2503;ar;22;338;281;12.028
402;br;27;1567;1304;12.017
2407;ar;20;5493;4571;12.017
2369;ar;27;3527;2938;12.005
2005;br;23;3721;3100;12.003
1113;br;;18;15;12.000
1300;br;16;234;195;12.000
1774;br;21;738;615;12.000
2225;ar;22;54;45;12.000
2522;br;;138;115;12.000
1294;br;29;3616;3014;11.997
2384;br;38;547;456;11.996
2124;br;20;2846;2373;11.993
179;br;26;494;412;11.990
1534;ar;26;4410;3678;11.990
2304;br;33;5469;4562;11.988
1381;br;18;537;448;11.987
476;br;28;429;358;11.983
1161;br;31;2055;1716;11.976
862;br;26;5197;4341;11.972
1095;ar;21;1172;979;11.971
335;br;18;614;513;11.969
2068;br;27;6154;5142;11.968
366;br;21;146;122;11.967
2420;br;31;5872;4908;11.964
2103;br;19;6439;5389;11.948
577;br;23;1369;1146;11.946
1070;br;25;802;672;11.935
706;br;24;105;88;11.932
460;br;18;186;156;11.923
262;br;19;2829;2373;11.922
1722;br;23;2970;2493;11.913
319;br;22;785;659;11.912
1262;ar;18;262;220;11.909
1688;ar;15;1262;1060;11.906
2483;br;20;331;278;11.906
1874;ar;36;9201;7735;11.895
2457;br;19;960;808;11.881
2340;ar;25;2578;2170;11.880
1957;br;;1257;1059;11.870
188;br;26;10317;8693;11.868
683;br;21;280;236;11.864
2314;br;28;115;97;11.856
839;br;21;1329;1121;11.855
2203;ar;23;4079;3443;11.847
609;br;22;2184;1844;11.844
2566;br;20;392;331;11.843
375;br;19;148;125;11.840
926;br;;400;338;11.834
886;br;20;394;333;11.832
1251;br;23;110;93;11.828
2023;br;;5172;4373;11.827
524;br;19;748;633;11.817
1159;br;21;2011;1702;11.816
2461;br;29;6114;5175;11.814
1268;br;22;1774;1502;11.811
1843;br;27;1409;1193;11.811
523;br;;2505;2121;11.810
1520;br;17;1860;1576;11.802
1669;br;;164;139;11.799
1823;br;20;1582;1341;11.797
2064;br;27;6257;5308;11.788
1999;br;23;6657;5650;11.782
2249;br;;2114;1795;11.777
326;br;17;4615;3919;11.776
1682;br;;3755;3190;11.771
2360;cl;24;3681;3128;11.768
782;br;20;2312;1967;11.754
368;ar;19;892;759;11.752
982;br;38;503;428;11.752
2668;br;20;4238;3607;11.749
26;br;18;4416;3759;11.748
1603;br;15;4130;3516;11.746
491;ar;;27;23;11.739
2488;br;27;1338;1140;11.737
2020;br;27;61;52;11.731
2709;br;27;1118;953;11.731
2202;cl;23;5064;4317;11.730
2573;br;28;1719;1466;11.726
1346;br;17;2507;2139;11.720
1672;uy;27;41;35;11.714
574;br;20;6990;5973;11.703
2160;br;;5396;4611;11.702
824;br;23;3133;2678;11.699
1299;br;24;1634;1397;11.696
1215;ar;23;9597;8213;11.685
45;br;26;1112;952;11.681
439;br;25;8046;6889;11.679
2506;br;42;327;280;11.679
987;br;19;1177;1008;11.677
995;br;29;1407;1205;11.676
564;br;30;2079;1781;11.673
932;br;32;3970;3401;11.673
902;br;18;6268;5371;11.670
647;ar;;14;12;11.667
1794;br;;21;18;11.667
1174;br;19;1976;1694;11.665
2359;ar;20;1045;896;11.663
2551;br;23;374;321;11.651
2556;br;22;99;85;11.647
1115;br;16;262;225;11.644
2677;ar;19;3968;3411;11.633
1082;ar;18;892;767;11.630
1976;br;17;1066;917;11.625
1001;br;19;580;499;11.623
174;ar;22;301;259;11.622
633;br;32;287;247;11.619
2041;br;;2292;1973;11.617
1238;br;19;6233;5370;11.607
2082;br;18;5922;5103;11.605
1266;br;22;7895;6811;11.592
536;br;25;934;806;11.588
600;br;31;4658;4020;11.587
260;br;;687;593;11.585
1892;br;27;7019;6060;11.583
1178;br;21;432;373;11.582
342;br;23;4449;3844;11.574
847;br;21;625;540;11.574
50;ar;22;3291;2844;11.572
617;br;26;4268;3690;11.566
401;ar;17;968;837;11.565
357;br;19;3674;3177;11.564
1185;br;16;2010;1739;11.558
1224;br;;1316;1139;11.554
1069;cl;20;1137;985;11.543
871;ar;19;382;331;11.541
1881;br;31;2203;1911;11.528
2602;br;23;2486;2158;11.520
416;br;21;5384;4674;11.519
328;br;29;5904;5126;11.518
756;br;;1267;1100;11.518
1763;br;18;3464;3008;11.516
773;ar;29;266;231;11.515
212;br;31;360;313;11.502
2118;br;;3441;2994;11.493
931;br;15;1403;1221;11.491
287;br;;4095;3564;11.490
198;br;16;1474;1283;11.489
2334;br;27;1505;1310;11.489
1806;br;25;317;276;11.486
1414;ar;24;1875;1634;11.475
1525;br;24;931;812;11.466
459;br;37;290;253;11.462
1304;br;30;1343;1172;11.459
2027;br;21;3717;3245;11.455
1941;br;36;876;765;11.451
2596;br;40;752;657;11.446
2634;br;20;190;166;11.446
44;br;20;1975;1727;11.436
5;ar;;72;63;11.429
877;br;;24;21;11.429
1775;ar;17;3435;3006;11.427
2609;ar;21;1233;1079;11.427
2427;br;19;578;506;11.423
1619;br;;265;232;11.422
235;ar;;314;275;11.418
2272;br;18;516;452;11.416
1363;br;;2152;1886;11.410
1574;br;32;771;676;11.405
1893;br;27;1140;1000;11.400
2153;br;33;1621;1422;11.399
1482;br;24;1720;1509;11.398
2273;br;20;3184;2794;11.396
694;ar;23;49;43;11.395
2324;br;27;4877;4281;11.392
1834;br;;393;345;11.391
1473;br;27;5138;4511;11.390
351;br;;3774;3316;11.381
1122;br;25;454;399;11.378
695;ar;;281;247;11.377
1226;br;24;1266;1113;11.375
1670;cl;25;3204;2819;11.366
621;br;22;2102;1850;11.362
1963;br;24;809;712;11.362
2349;br;20;4092;3602;11.360
2189;br;;126;111;11.351
1897;br;24;3078;2712;11.350
1253;br;;1148;1013;11.333
1940;br;28;604;533;11.332
2547;br;21;964;851;11.328
215;br;17;4103;3623;11.325
2361;ar;22;4547;4017;11.319
1637;br;;112;99;11.313
2287;uy;23;1375;1216;11.308
1994;br;32;5369;4751;11.301
1483;br;18;2330;2062;11.300
1608;br;27;904;800;11.300
2083;br;20;1968;1742;11.297
473;br;19;1429;1265;11.296
1116;br;;802;710;11.296
949;ar;23;35;31;11.290
1402;ar;21;596;528;11.288
1951;br;28;618;548;11.277
2674;br;20;1484;1316;11.277
2680;br;21;2367;2099;11.277
1498;br;34;566;502;11.275
606;br;25;5545;4919;11.273
1819;br;21;3453;3063;11.273
2333;br;26;1892;1679;11.269
16;br;;89;79;11.266
1269;br;19;356;316;11.266
134;br;25;6288;5583;11.263
1626;br;29;1819;1615;11.263
1569;br;17;1812;1609;11.262
1034;br;34;3868;3436;11.257
826;br;27;1667;1481;11.256
36;ar;;18;16;11.250
1382;br;29;45;40;11.250
301;cl;26;2700;2401;11.245
2205;uy;17;354;315;11.238
32;ar;26;155;138;11.232
2411;br;22;73;65;11.231
291;br;;384;342;11.228
1259;cl;;119;106;11.226
2056;br;24;650;579;11.226
447;br;20;55;49;11.224
1434;br;;257;229;11.223
2219;br;20;3033;2704;11.217
1125;br;;1560;1391;11.215
1827;br;;1966;1753;11.215
960;br;30;3932;3507;11.212
980;pe;77;74;66;11.212
393;br;22;4329;3865;11.201
1813;br;31;1660;1482;11.201
749;br;19;1282;1145;11.197
2014;br;24;47;42;11.190
1093;br;21;989;884;11.188
1154;br;25;339;303;11.188
1955;br;24;839;750;11.187
2286;br;22;2390;2137;11.184
2486;br;17;1247;1115;11.184
175;br;24;738;660;11.182
934;br;;123;110;11.182
1019;br;;369;330;11.182
2538;ar;21;123;110;11.182
418;br;25;38;34;11.176
2046;br;28;901;807;11.165
1371;br;27;1376;1233;11.160
2505;br;23;791;709;11.157
2245;ar;;58;52;11.154
1305;br;23;4113;3688;11.152
1691;br;21;6694;6003;11.151
752;br;20;126;113;11.150
446;br;;2564;2300;11.148
2255;br;30;4665;4185;11.147
2213;br;21;1692;1518;11.146
1472;br;27;302;271;11.144
2684;ar;;39;35;11.143
2308;br;31;215;193;11.140
180;ar;19;1448;1300;11.138
1668;br;29;274;246;11.138
485;br;28;59;53;11.132
539;br;28;482;433;11.132
776;br;27;4896;4398;11.132
2054;br;;364;327;11.131
811;br;17;2686;2414;11.127
1684;br;21;5336;4798;11.121
443;br;22;407;366;11.120
2248;ar;21;2026;1823;11.114
49;ar;32;1159;1044;11.102
1097;br;21;1442;1299;11.101
1610;br;24;3347;3015;11.101
1335;br;21;12946;11667;11.096
2512;br;21;71;64;11.094
228;br;22;254;229;11.092
1149;br;26;450;406;11.084
1271;br;21;2902;2619;11.081
1334;br;;41;37;11.081
409;br;21;7578;6844;11.072
947;br;24;891;805;11.068
961;br;;114;103;11.068
252;br;;541;489;11.063
2673;br;27;354;320;11.063
2643;ar;23;573;518;11.062
1524;us;;1368;1237;11.059
887;br;36;1196;1082;11.054
2171;br;33;671;607;11.054
1406;br;25;42;38;11.053
2392;br;31;1784;1614;11.053
1029;br;24;2826;2557;11.052
1636;br;;2355;2131;11.051
2655;br;23;170;154;11.039
2586;br;24;2237;2027;11.036
2158;ar;24;320;290;11.034
1160;br;19;10476;9499;11.029
566;ar;19;454;412;11.019
699;br;18;11798;10707;11.019
2114;br;;700;636;11.006
62;br;27;1084;985;11.005
306;br;22;351;319;11.003
1408;br;25;4432;4029;11.000
2105;br;;22;20;11.000
2128;br;29;176;160;11.000
3;br;;1900;1728;10.995
821;br;20;3464;3151;10.993
1615;br;19;78;71;10.986
1102;ar;22;134;122;10.984
2007;br;22;694;632;10.981
1039;cl;25;594;541;10.980
1549;ar;;45;41;10.976
1072;br;;6186;5637;10.974
2338;br;34;3969;3617;10.973
2080;br;;1412;1287;10.971
1379;ar;21;1030;939;10.969
1944;br;22;352;321;10.966
122;br;;284;259;10.965
1664;ar;22;1136;1036;10.965
1176;br;19;1718;1567;10.964
2399;ar;37;915;835;10.958
555;br;;103;94;10.957
985;ar;;458;418;10.957
1977;br;24;1338;1222;10.949
266;br;23;801;732;10.943
1702;br;19;3942;3604;10.938
1724;ar;23;980;896;10.938
883;ar;17;2596;2374;10.935
591;br;26;1887;1726;10.933
43;br;37;4593;4202;10.931
336;ar;23;1175;1075;10.930
2413;br;;95;87;10.920
2327;br;33;1174;1076;10.911
2622;br;17;24;22;10.909
1395;br;23;1127;1034;10.899
427;br;16;1433;1315;10.897
193;br;17;1165;1070;10.888
417;br;30;5573;5119;10.887
1441;ar;21;3448;3167;10.887
654;br;;185;170;10.882
504;br;23;2775;2552;10.874
19;br;19;4054;3731;10.866
172;br;19;239;220;10.864
2685;br;16;2229;2052;10.863
2130;br;30;3813;3512;10.857
1707;br;22;2050;1889;10.852
765;ar;30;51;47;10.851
532;br;;268;247;10.850
692;br;24;740;682;10.850
1988;br;18;6883;6344;10.850
1811;br;17;1114;1027;10.847
1134;ar;26;2891;2666;10.844
1388;br;35;9020;8318;10.844
1630;br;21;502;463;10.842
295;br;21;13;12;10.833
1393;br;17;52;48;10.833
1445;br;32;326;301;10.831
2614;br;31;2497;2306;10.828
109;br;21;2544;2350;10.826
132;br;18;3179;2937;10.824
261;ar;37;434;401;10.823
338;br;22;66;61;10.820
2230;br;19;1392;1287;10.816
1547;br;31;3190;2950;10.814
119;cl;25;67;62;10.806
1599;br;22;4413;4084;10.806
1985;br;26;3465;3207;10.804
859;br;26;3933;3642;10.799
2071;br;;554;513;10.799
1157;br;24;2455;2274;10.796
601;ar;25;2186;2025;10.795
2582;br;;177;164;10.793
1545;br;;3675;3406;10.790
1132;ar;20;2428;2251;10.786
1578;ar;35;6150;5702;10.786
806;br;36;1854;1719;10.785
1885;br;18;3547;3289;10.784
559;ar;23;895;830;10.783
379;br;26;4146;3846;10.780
453;br;33;873;811;10.764
2210;br;25;382;355;10.761
944;br;17;2606;2422;10.760
628;ar;22;199;185;10.757
1098;br;27;3117;2902;10.741
956;br;27;5119;4767;10.738
2094;ar;27;4966;4626;10.735
2606;br;19;1655;1542;10.733
533;br;17;133;124;10.726
1802;br;20;591;551;10.726
2207;br;24;1259;1174;10.724
41;br;20;268;250;10.720
296;ar;;721;673;10.713
2240;br;21;1853;1730;10.711
1956;br;25;3324;3104;10.709
2350;br;;1015;948;10.707
1105;br;22;1233;1152;10.703
602;br;20;779;728;10.701
2161;br;31;962;899;10.701
1798;br;19;367;343;10.700
2647;br;31;4314;4036;10.689
2494;br;26;234;219;10.685
1982;br;35;2128;1992;10.683
1396;br;21;1863;1744;10.682
1900;br;30;2772;2596;10.678
318;br;;79;74;10.676
2656;br;;221;207;10.676
788;br;;333;312;10.673
1043;br;27;2556;2395;10.672
239;br;22;2148;2013;10.671
1725;cl;20;32;30;10.667
1531;br;28;3147;2952;10.661
1506;ar;33;1276;1197;10.660
2527;br;;1469;1378;10.660
6;br;20;550;516;10.659
2548;br;16;1019;956;10.659
1462;br;19;2884;2706;10.658
388;br;16;211;198;10.657
611;ar;24;4025;3777;10.657
415;br;22;130;122;10.656
1457;br;;98;92;10.652
1767;ar;27;1603;1505;10.651
1213;br;19;3721;3494;10.650
2090;br;42;2642;2481;10.649
69;br;19;4508;4234;10.647
153;br;23;8631;8109;10.644
2141;br;29;646;607;10.643
1954;br;30;2521;2369;10.642
2096;ar;17;217;204;10.637
1839;br;19;2399;2256;10.634
1035;br;29;252;237;10.633
96;br;20;1742;1639;10.628
1726;ar;;17;16;10.625
703;br;23;4955;4667;10.617
1899;br;26;4391;4141;10.604
1135;br;22;617;582;10.601
390;br;28;2438;2300;10.600
494;br;;106;100;10.600
1415;ar;23;1877;1771;10.599
2206;br;23;2981;2813;10.597
967;br;19;2045;1930;10.596
1317;br;18;1014;957;10.596
2563;br;30;1724;1627;10.596
100;br;18;178;168;10.595
1933;br;23;4260;4021;10.594
629;br;;2216;2092;10.593
916;br;24;1415;1336;10.591
1783;br;22;394;372;10.591
1949;br;34;6373;6018;10.590
2396;br;23;36;34;10.588
1861;cl;23;145;137;10.584
1372;br;;3029;2864;10.576
1797;br;25;792;749;10.574
105;br;27;793;750;10.573
2447;br;;203;192;10.573
1425;br;28;148;140;10.571
420;ar;21;2847;2694;10.568
37;br;28;1293;1224;10.564
272;br;32;432;409;10.562
173;br;24;95;90;10.556
1336;br;31;19;18;10.556
989;br;29;1264;1198;10.551
685;br;30;9514;9019;10.549
195;br;33;270;256;10.547
1078;ar;20;58;55;10.545
2517;br;31;5117;4853;10.544
397;br;21;233;221;10.543
2151;br;29;428;406;10.542
2218;br;22;1348;1279;10.539
2059;br;22;1284;1219;10.533
346;br;23;5600;5318;10.530
2215;br;24;3514;3337;10.530
922;br;28;1441;1369;10.526
1784;ar;;40;38;10.526
2185;br;;100;95;10.526
2366;br;32;6018;5717;10.526
1389;br;34;4261;4050;10.521
1516;br;32;8346;7933;10.521
356;br;24;364;346;10.520
1486;br;22;4272;4062;10.517
1109;br;25;1085;1032;10.514
1390;br;;3142;2989;10.512
2138;br;17;3061;2912;10.512
1053;br;27;2591;2465;10.511
663;br;19;187;178;10.506
729;br;25;335;319;10.502
1394;br;27;1025;976;10.502
1875;br;25;944;899;10.501
668;br;36;63;60;10.500
1190;br;23;21;20;10.500
718;br;17;2491;2373;10.497
1717;br;30;4325;4121;10.495
1040;cl;24;320;305;10.492
2233;br;18;64;61;10.492
1282;cl;22;22;21;10.476
1580;br;;22;21;10.476
1721;br;26;2095;2000;10.475
31;br;22;444;424;10.472
21;ar;22;178;170;10.471
1369;ar;32;134;128;10.469
2081;br;31;960;917;10.469
713;br;28;11570;11053;10.468
964;br;26;517;494;10.466
1873;br;30;4554;4352;10.464
1853;br;22;1081;1034;10.455
2053;ar;22;1092;1045;10.450
133;br;28;2751;2634;10.444
2326;br;29;731;700;10.443
1386;br;29;3240;3103;10.442
2055;br;20;4137;3962;10.442
243;cl;;167;160;10.438
2591;ar;26;385;369;10.434
365;ar;23;2897;2777;10.432
1206;br;21;2785;2670;10.431
1013;ar;34;563;540;10.426
1375;cl;32;1593;1528;10.425
1792;cl;19;148;142;10.423
289;br;28;3563;3419;10.421
1243;br;24;4206;4036;10.421
10;br;17;12979;12457;10.419
658;br;31;1264;1214;10.412
1782;br;22;5873;5641;10.411
1654;br;;51;49;10.408
2284;br;;51;49;10.408
2562;br;23;537;516;10.407
1310;br;;4704;4521;10.405
2388;ar;29;1599;1537;10.403
2546;br;22;285;274;10.401
1591;br;26;3744;3600;10.400
1405;br;29;994;956;10.397
384;br;18;132;127;10.394
2135;ar;23;422;406;10.394
1168;uy;25;505;486;10.391
1597;ar;21;1835;1766;10.391
1114;cl;19;853;821;10.390
965;br;;1241;1195;10.385
320;ar;16;4460;4296;10.382
2524;br;;516;497;10.382
761;br;18;2885;2779;10.381
2612;br;16;1279;1232;10.381
205;br;29;983;947;10.380
1128;br;24;1600;1542;10.376
2694;ar;18;1414;1363;10.374
2270;br;36;5786;5578;10.373
1384;br;;1060;1022;10.372
1738;ar;19;3083;2973;10.370
1544;br;22;2302;2220;10.369
1233;ar;16;650;627;10.367
857;br;23;2023;1953;10.358
2508;br;19;2056;1985;10.358
2554;br;22;1368;1321;10.356
93;br;33;6625;6398;10.355
382;ar;26;817;789;10.355
840;br;26;2746;2653;10.351
1481;br;29;945;913;10.350
1650;br;;148;143;10.350
2297;br;;2424;2342;10.350
329;br;24;6584;6362;10.349
515;br;25;537;519;10.347
2278;ar;22;3052;2950;10.346
2633;br;20;359;347;10.346
780;br;26;660;638;10.345
2381;br;17;1423;1376;10.342
461;br;18;426;412;10.340
201;ar;21;398;385;10.338
480;br;22;336;325;10.338
2700;br;28;1075;1040;10.337
1787;br;;587;568;10.335
2169;br;31;4701;4549;10.334
2263;ar;22;711;688;10.334
1421;br;;31;30;10.333
2033;br;23;3729;3609;10.333
1773;br;37;2649;2564;10.332
68;br;32;6579;6371;10.326
2325;br;20;637;617;10.324
2466;ar;22;351;340;10.324
775;br;25;832;806;10.323
1824;br;27;64;62;10.323
1790;br;;325;315;10.317
2242;br;22;33;32;10.313
2649;br;;2312;2242;10.312
1508;ar;22;5370;5209;10.309
104;br;26;2686;2606;10.307
2142;br;25;3371;3272;10.303
1249;br;;1365;1326;10.294
2131;br;;70;68;10.294
107;br;25;3626;3523;10.292
959;ar;24;566;550;10.291
702;br;21;108;105;10.286
1221;br;25;3120;3034;10.283
764;br;23;259;252;10.278
2697;br;24;1480;1440;10.278
2289;ar;21;13672;13309;10.273
2425;br;19;113;110;10.273
516;br;;76;74;10.270
2132;pe;22;152;148;10.270
528;br;23;1269;1236;10.267
1557;br;30;654;637;10.267
2686;br;28;195;190;10.263
2652;br;48;1105;1077;10.260
56;br;15;5818;5673;10.256
632;br;22;1485;1448;10.256
1480;br;24;605;590;10.254
853;br;;689;672;10.253
1649;br;;809;789;10.253
2093;br;23;1460;1424;10.253
2183;br;24;409;399;10.251
245;br;20;823;803;10.249
279;br;19;84;82;10.244
1315;br;19;170;166;10.241
1829;br;;468;457;10.241
1821;br;19;4997;4880;10.240
952;br;22;4075;3980;10.239
1567;br;28;3123;3051;10.236
1735;br;19;1258;1229;10.236
126;br;;392;383;10.235
333;br;22;174;170;10.235
1939;br;23;3772;3688;10.228
1990;br;21;269;263;10.228
74;br;23;4420;4322;10.227
1077;br;34;829;811;10.222
2569;br;17;184;180;10.222
565;br;;5248;5135;10.220
787;br;22;464;454;10.220
737;br;25;2660;2605;10.211
744;br;22;548;537;10.205
1903;ar;22;847;830;10.205
1111;br;;499;489;10.204
1344;br;20;50;49;10.204
2395;br;21;6144;6021;10.204
1556;br;22;4530;4440;10.203
912;br;31;253;248;10.202
1374;ar;23;1824;1788;10.201
1416;br;24;1269;1244;10.201
596;br;20;1376;1349;10.200
1535;ar;24;1084;1063;10.198
1780;br;27;1091;1070;10.196
651;br;15;423;415;10.193
1248;br;29;3758;3690;10.184
1712;br;23;223;219;10.183
715;br;;56;55;10.182
1298;br;26;5982;5879;10.175
1509;cl;36;3033;2981;10.174
686;ar;18;119;117;10.171
1674;br;29;479;471;10.170
2588;br;24;1807;1777;10.169
570;br;28;2616;2573;10.167
1045;br;;3528;3470;10.167
200;br;19;1406;1383;10.166
83;br;31;3624;3565;10.165
1112;ar;17;248;244;10.164
855;br;22;2302;2265;10.163
2615;br;;748;736;10.163
1639;br;24;8835;8694;10.162
521;ar;30;698;687;10.160
30;ar;19;708;697;10.158
1732;ar;32;262;258;10.155
512;ar;25;133;131;10.153
2383;br;22;133;131;10.153
2066;br;26;3438;3387;10.151
2102;br;22;475;468;10.150
1812;br;22;3338;3289;10.149
2355;uy;26;2774;2734;10.146
1080;br;;984;970;10.144
1143;ar;25;4585;4521;10.142
1327;ar;27;929;916;10.142
2477;br;;364;359;10.139
2687;cl;;73;72;10.139
556;br;24;3876;3824;10.136
1198;br;27;4714;4652;10.133
750;br;23;153;151;10.132
1810;br;24;469;463;10.130
2469;br;;2220;2192;10.128
708;br;28;240;237;10.127
2607;br;;1272;1256;10.127
158;ar;30;9554;9435;10.126
1602;br;32;1555;1536;10.124
2174;br;37;655;647;10.124
631;br;21;3813;3767;10.122
2631;br;19;1826;1804;10.122
1364;br;25;4766;4709;10.121
575;ar;23;1616;1597;10.119
77;br;22;2149;2124;10.118
255;br;;941;930;10.118
576;br;;2103;2079;10.115
785;ar;19;4155;4108;10.114
1209;br;21;1962;1940;10.113
2636;br;18;1360;1345;10.112
1756;br;32;3107;3073;10.111
735;br;31;927;917;10.109
854;br;29;1956;1935;10.109
2604;br;21;4074;4031;10.107
478;cl;;667;660;10.106
2307;br;25;95;94;10.106
2712;br;22;3324;3289;10.106
2344;br;23;96;95;10.105
592;ar;30;101;100;10.100
643;br;30;2937;2908;10.100
2515;ar;33;2202;2181;10.096
783;ar;;212;210;10.095
181;br;22;1614;1599;10.094
1751;br;18;986;977;10.092
2363;br;;1529;1515;10.092
303;br;22;117;116;10.086
2575;br;36;700;694;10.086
1623;br;;3935;3902;10.085
908;br;31;1373;1362;10.081
2428;br;17;898;891;10.079
690;br;;1497;1486;10.074
2437;br;14;6786;6739;10.070
660;br;20;1921;1908;10.068
1522;br;35;1188;1180;10.068
2136;uy;19;1177;1169;10.068
2063;ar;16;1228;1220;10.066
2257;br;23;3218;3197;10.066
753;br;;935;929;10.065
1741;br;31;776;771;10.065
1370;br;18;2682;2665;10.064
1331;br;;1315;1307;10.061
542;br;29;709;705;10.057
2201;br;20;530;527;10.057
986;br;;5535;5504;10.056
1306;br;;1290;1283;10.055
1232;br;33;1836;1827;10.049
354;br;27;1771;1763;10.045
534;ar;20;1216;1211;10.041
395;br;16;1039;1035;10.039
2458;br;;3442;3429;10.038
1870;br;20;1953;1946;10.036
86;br;31;2775;2766;10.033
1008;ar;24;1045;1042;10.029
1413;br;22;6181;6164;10.028
1066;ar;24;370;369;10.027
2146;ar;23;8999;8976;10.026
726;br;18;1608;1604;10.025
2409;br;;508;507;10.020
953;br;29;1673;1670;10.018
1762;br;;7737;7725;10.016
2599;br;23;2196;2193;10.014
231;br;27;1496;1494;10.013
1852;br;24;2035;2033;10.010
1620;br;25;5794;5791;10.005
2139;br;24;7320;7318;10.003
142;br;19;94;94;10.000
143;br;20;476;476;10.000
256;br;;402;402;10.000
406;ar;;34;34;10.000
513;bo;;118;118;10.000
741;br;26;23;23;10.000
795;cl;19;98;98;10.000
827;br;;160;160;10.000
997;br;;153;153;10.000
1120;ar;19;413;413;10.000
1261;ar;21;83;83;10.000
1357;br;28;185;185;10.000
1411;br;;17;17;10.000
1657;br;29;871;871;10.000
1766;br;31;52;52;10.000
1857;ar;;9;9;10.000
1972;br;;26;26;10.000
2000;ar;18;1729;1729;10.000
2234;ar;24;81;81;10.000
2353;br;24;18;18;10.000
2462;br;;193;193;10.000
2645;ar;22;54;54;10.000
1772;br;24;3764;3770;0.9984
2346;br;;1038;1040;0.9981
2576;br;21;1524;1527;0.9980
1400;br;24;484;485;0.9979
1966;ar;23;2852;2859;0.9976
1260;br;37;6291;6308;0.9973
2487;br;33;4707;4721;0.9970
1936;br;20;3554;3567;0.9964
451;br;25;809;812;0.9963
1521;br;;1527;1533;0.9961
1152;br;22;220;221;0.9955
1028;ar;22;202;203;0.9951
792;br;23;751;755;0.9947
111;br;;1237;1244;0.9944
1320;br;21;3851;3873;0.9943
2001;br;22;4248;4274;0.9939
2659;br;32;463;466;0.9936
951;br;27;762;767;0.9935
154;br;26;432;435;0.9931
2223;br;21;141;142;0.9930
676;br;25;3346;3370;0.9929
396;ar;23;553;557;0.9928
1119;cl;24;137;138;0.9928
1647;br;23;410;413;0.9927
2166;br;21;2174;2190;0.9927
990;br;19;2605;2625;0.9924
1706;br;20;1887;1902;0.9921
1921;br;37;1805;1820;0.9918
394;br;25;690;696;0.9914
1466;us;24;110;111;0.9910
1621;ar;22;852;860;0.9907
1778;br;24;1149;1160;0.9905
2619;br;29;3206;3237;0.9904
1255;br;23;901;910;0.9901
2552;ar;22;100;101;0.9901
440;br;20;4468;4514;0.9898
2204;cl;26;483;488;0.9898
257;br;30;1335;1349;0.9896
2529;br;23;4278;4323;0.9896
2678;br;28;1038;1049;0.9895
2610;br;27;3115;3149;0.9892
1401;br;22;91;92;0.9891
1937;ar;27;628;635;0.9890
899;br;;3195;3231;0.9889
437;br;24;6081;6150;0.9888
1871;br;21;88;89;0.9888
844;br;29;1470;1487;0.9886
2460;br;21;1300;1315;0.9886
452;br;22;1880;1902;0.9884
370;br;22;10397;10528;0.9876
1136;br;;3277;3319;0.9873
138;br;30;3836;3886;0.9871
2560;br;29;3315;3359;0.9869
1768;br;23;1086;1101;0.9864
551;br;;430;436;0.9862
1828;br;25;1640;1663;0.9862
1353;br;24;1563;1585;0.9861
1616;br;19;210;213;0.9859
12;br;;343;348;0.9856
999;ar;18;6308;6401;0.9855
2660;br;24;2100;2131;0.9855
1632;br;31;3909;3967;0.9854
358;br;24;2066;2097;0.9852
1510;br;;2088;2120;0.9849
2490;ar;22;913;927;0.9849
2295;ar;26;1289;1309;0.9847
1592;br;;1207;1226;0.9845
1653;br;27;568;577;0.9844
2542;ar;29;501;509;0.9843
1144;br;19;6338;6440;0.9842
282;cl;32;4143;4212;0.9836
2017;ar;19;1741;1770;0.9836
669;br;;290;295;0.9831
1439;br;;232;236;0.9831
2069;br;25;3088;3142;0.9828
465;br;21;9515;9683;0.9827
91;br;20;1803;1835;0.9826
186;br;21;222;226;0.9823
430;ar;22;439;447;0.9821
2107;br;19;817;832;0.9820
1148;ar;18;705;718;0.9819
234;br;;54;55;0.9818
2535;ar;20;212;216;0.9815
2367;br;28;963;982;0.9807
2456;br;35;1322;1348;0.9807
2557;br;25;404;412;0.9806
1736;br;26;1026;1047;0.9799
988;br;20;2281;2328;0.9798
789;br;33;5687;5806;0.9795
849;br;19;2394;2444;0.9795
1801;br;;382;390;0.9795
1796;br;21;3658;3736;0.9791
1942;br;30;186;190;0.9789
1970;ar;21;10230;10450;0.9789
540;br;24;92;94;0.9787
1169;ar;24;8028;8203;0.9787
1968;br;21;8384;8569;0.9784
117;br;23;1587;1623;0.9778
2377;br;;392;401;0.9776
689;br;28;652;667;0.9775
1079;br;;652;667;0.9775
2507;br;;465;476;0.9769
1923;ar;22;623;638;0.9765
656;br;;331;339;0.9764
1809;br;;369;378;0.9762
1842;ar;22;163;167;0.9760
2716;br;22;930;953;0.9759
361;br;21;3231;3311;0.9758
743;br;29;2046;2097;0.9757
881;ar;27;2293;2350;0.9757
78;br;;240;246;0.9756
1744;br;23;3897;3995;0.9755
2356;ar;16;2234;2290;0.9755
1859;br;28;1975;2025;0.9753
2268;br;;118;121;0.9752
1420;ar;35;1867;1915;0.9749
561;br;34;1695;1739;0.9747
1133;br;28;728;747;0.9746
794;ar;22;2455;2521;0.9738
1241;br;21;960;986;0.9736
297;cl;;184;189;0.9735
1007;br;33;220;226;0.9735
1593;br;18;2015;2070;0.9734
2448;br;;109;112;0.9732
2495;br;;1193;1226;0.9731
800;br;19;2546;2618;0.9725
1987;br;;1271;1307;0.9725
1594;ar;31;1902;1957;0.9719
1555;br;18;3244;3340;0.9713
720;br;;337;347;0.9712
610;br;22;66;68;0.9706
1862;br;31;33;34;0.9706
2632;br;20;33;34;0.9706
92;br;22;1315;1355;0.9705
471;ar;28;659;679;0.9705
1781;ar;19;296;305;0.9705
1478;br;23;261;269;0.9703
2449;br;32;3771;3887;0.9702
425;br;;284;293;0.9693
1595;br;23;789;814;0.9693
1835;br;;3471;3581;0.9693
381;br;21;1933;1995;0.9689
674;br;40;9656;9967;0.9688
1276;br;22;1942;2005;0.9686
757;br;32;3863;3991;0.9679
1997;br;21;453;468;0.9679
2181;br;33;6964;7196;0.9678
503;br;34;1334;1379;0.9674
518;ar;;741;766;0.9674
616;br;28;29;30;0.9667
924;br;23;2066;2138;0.9663
1911;ar;36;3222;3335;0.9661
75;br;24;1734;1795;0.9660
1292;ar;18;1932;2000;0.9660
1108;br;26;1416;1466;0.9659
1460;br;34;141;146;0.9658
1485;br;20;4484;4643;0.9658
1163;br;32;1319;1366;0.9656
1385;br;38;2358;2442;0.9656
496;cl;24;1361;1410;0.9652
817;br;17;2469;2558;0.9652
614;br;29;1185;1228;0.9650
1546;br;23;993;1029;0.9650
974;cl;27;110;114;0.9649
2025;br;34;82;85;0.9647
316;br;32;3512;3641;0.9646
2640;br;19;354;367;0.9646
1197;ar;22;270;280;0.9643
929;br;25;1074;1114;0.9641
1613;br;27;3239;3360;0.9640
2404;br;26;6274;6510;0.9637
1452;br;19;5395;5599;0.9636
2029;br;;2592;2690;0.9636
1652;br;;1790;1860;0.9624
648;br;25;1430;1486;0.9623
709;br;34;2952;3068;0.9622
371;cl;21;76;79;0.9620
2079;br;22;405;421;0.9620
238;br;20;1255;1305;0.9617
1581;br;;2259;2349;0.9617
59;br;;50;52;0.9615
838;br;27;2350;2444;0.9615
1139;br;24;149;155;0.9613
1225;br;28;347;361;0.9612
292;br;16;97;101;0.9604
1110;ar;28;2114;2202;0.9600
2525;ar;20;1921;2001;0.9600
1202;br;34;4739;4938;0.9597
1584;ar;19;898;936;0.9594
2126;ar;19;3631;3785;0.9593
748;br;31;5108;5327;0.9589
1493;ar;24;4900;5110;0.9589
623;br;19;2417;2522;0.9584
1184;br;35;2413;2518;0.9583
971;br;32;2936;3067;0.9573
1833;br;28;763;797;0.9573
858;ar;;223;233;0.9571
2418;ar;22;620;648;0.9568
1446;br;22;221;231;0.9567
642;br;26;1012;1058;0.9565
1830;br;21;153;160;0.9563
308;br;;87;91;0.9560
2110;br;23;87;91;0.9560
1059;ar;20;432;452;0.9558
275;pe;;194;203;0.9557
240;ar;;86;90;0.9556
267;br;;1183;1238;0.9556
2393;br;23;580;607;0.9555
2416;br;21;2098;2196;0.9554
103;br;31;490;513;0.9552
535;br;23;829;868;0.9551
1229;br;35;1381;1446;0.9550
2228;br;37;381;399;0.9549
2431;br;20;21;22;0.9545
2244;ar;24;398;417;0.9544
2315;br;;272;285;0.9544
302;br;;1207;1265;0.9542
1286;br;23;5288;5543;0.9540
2638;br;22;1224;1283;0.9540
251;ar;28;4028;4223;0.9538
1272;br;23;62;65;0.9538
2598;br;35;1074;1126;0.9538
2386;br;;6256;6560;0.9537
42;br;31;2754;2888;0.9536
640;br;32;3821;4007;0.9536
2060;br;20;370;388;0.9536
171;br;24;2916;3059;0.9533
938;br;;1048;1100;0.9527
1323;br;18;383;402;0.9527
224;br;21;40;42;0.9524
693;ar;21;4257;4470;0.9523
2232;cl;25;8611;9043;0.9522
888;ar;26;2200;2311;0.9520
1788;br;21;1272;1337;0.9514
35;br;29;2438;2563;0.9512
1832;br;17;4005;4211;0.9511
796;br;30;2467;2594;0.9510
2199;br;25;2834;2980;0.9510
2470;br;;97;102;0.9510
2016;ar;19;419;441;0.9501
345;ar;22;76;80;0.9500
1504;br;22;4314;4542;0.9498
2380;br;;4499;4738;0.9496
1179;br;27;2268;2389;0.9494
2301;br;;356;375;0.9493
2403;ar;30;6111;6438;0.9492
1848;ar;20;93;98;0.9490
815;br;18;203;214;0.9486
940;br;23;829;874;0.9485
719;br;;919;969;0.9484
2672;br;24;386;407;0.9484
1600;ar;19;2656;2801;0.9482
1571;br;28;1642;1732;0.9480
2253;br;32;5429;5727;0.9480
1643;br;26;709;748;0.9479
837;br;28;3666;3868;0.9478
464;br;23;18;19;0.9474
814;br;21;18;19;0.9474
1096;br;19;36;38;0.9474
1487;br;;18;19;0.9474
2299;br;21;6388;6743;0.9474
1055;br;20;467;493;0.9473
277;br;;1583;1672;0.9468
2555;br;17;2753;2908;0.9467
1907;ar;31;407;430;0.9465
1177;ar;22;53;56;0.9464
1886;br;20;8554;9038;0.9464
945;ar;22;385;407;0.9459
1444;br;25;175;185;0.9459
2513;br;27;87;92;0.9457
1207;br;30;85;90;0.9444
1216;ar;21;136;144;0.9444
1242;br;;1711;1812;0.9443
264;br;21;710;752;0.9441
1971;br;19;657;696;0.9440
213;br;;150;159;0.9434
731;ar;31;6350;6734;0.9430
2618;ar;19;213;226;0.9425
2579;br;19;915;971;0.9423
1278;br;;1514;1607;0.9421
2077;br;27;10555;11204;0.9421
1492;br;22;2564;2722;0.9420
1737;ar;17;905;961;0.9417
487;br;22;484;514;0.9416
774;br;31;3105;3298;0.9415
1769;br;28;6459;6862;0.9413
852;br;23;3011;3199;0.9412
2421;br;;1487;1580;0.9411
489;br;21;797;847;0.9410
2188;br;24;126;134;0.9403
1673;br;24;281;299;0.9398
2621;br;22;109;116;0.9397
1895;uy;25;6610;7035;0.9396
1309;ar;23;277;295;0.9390
2303;br;22;4023;4285;0.9389
2422;br;34;766;816;0.9387
1935;ar;19;3241;3453;0.9386
1646;br;22;2971;3166;0.9384
2311;br;;198;211;0.9384
1354;br;20;4410;4700;0.9383
27;cl;28;530;565;0.9381
894;br;19;1100;1173;0.9378
915;br;26;7327;7813;0.9378
1720;br;26;5365;5722;0.9376
2637;br;18;1382;1474;0.9376
691;br;20;30;32;0.9375
2125;br;20;30;32;0.9375
2259;ar;;2039;2175;0.9375
1236;br;;2061;2199;0.9372
2536;br;15;5302;5659;0.9369
2385;bo;33;959;1024;0.9365
653;br;30;1164;1243;0.9364
1437;br;26;4214;4502;0.9360
1191;br;21;1922;2054;0.9357
2328;br;24;233;249;0.9357
717;br;22;174;186;0.9355
1397;br;27;1536;1642;0.9354
1065;br;28;130;139;0.9353
2247;br;;375;401;0.9352
2565;ar;22;361;386;0.9352
502;br;25;3489;3731;0.9351
1749;br;21;72;77;0.9351
1614;br;21;1984;2122;0.9350
573;br;22;4192;4489;0.9338
1816;br;27;903;967;0.9338
2122;br;;1876;2009;0.9338
2711;br;31;2200;2356;0.9338
626;br;26;548;587;0.9336
1239;ar;20;506;542;0.9336
2572;ar;22;307;329;0.9331
33;br;24;4038;4329;0.9328
2433;br;24;236;253;0.9328
1548;br;38;1137;1219;0.9327
2714;br;22;554;594;0.9327
183;br;20;484;519;0.9326
2365;br;18;344;369;0.9322
1138;br;18;1037;1113;0.9317
1024;br;28;1196;1284;0.9315
2601;br;26;1957;2101;0.9315
519;br;22;5774;6202;0.9310
2644;cl;33;7971;8564;0.9308
147;br;32;5296;5691;0.9306
60;pe;15;660;710;0.9296
284;br;;726;781;0.9296
2251;br;21;2151;2315;0.9292
1172;br;21;2890;3111;0.9290
2358;br;21;2808;3023;0.9289
2265;br;27;2335;2514;0.9288
1841;br;23;521;561;0.9287
2184;br;31;976;1051;0.9286
1565;br;22;1141;1229;0.9284
1219;br;19;220;237;0.9283
520;br;29;4216;4544;0.9278
94;br;;422;455;0.9275
466;ar;;2035;2194;0.9275
624;br;24;921;993;0.9275
510;br;35;1865;2011;0.9274
1854;br;20;1315;1418;0.9274
2342;br;29;406;438;0.9269
1681;br;;556;600;0.9267
636;br;;628;678;0.9263
1398;br;15;2503;2703;0.9260
1582;cl;26;1011;1092;0.9258
2104;br;27;1473;1591;0.9258
1223;br;;274;296;0.9257
474;br;;4282;4627;0.9254
1355;br;24;2142;2315;0.9253
2154;br;28;825;892;0.9249
637;br;;4034;4362;0.9248
426;br;25;586;634;0.9243
327;br;;1728;1870;0.9241
1495;ar;20;146;158;0.9241
1986;ar;;158;171;0.9240
51;br;20;2003;2168;0.9239
1888;br;;2016;2182;0.9239
2699;br;27;6303;6822;0.9239
1280;br;;121;131;0.9237
2074;br;26;5435;5887;0.9232
2173;br;27;228;247;0.9231
2412;br;;2327;2521;0.9230
1723;br;;1046;1134;0.9224
454;us;21;3111;3375;0.9218
1501;br;;1824;1979;0.9217
1337;br;32;2737;2970;0.9215
2675;br;;1195;1297;0.9214
65;br;32;11097;12046;0.9212
1318;br;26;105;114;0.9211
1054;br;17;3476;3774;0.9210
2482;br;32;3249;3529;0.9207
1612;ar;;729;792;0.9205
1142;br;20;611;664;0.9202
2283;br;29;3769;4096;0.9202
1366;ar;28;403;438;0.9201
1562;ar;28;2419;2629;0.9201
353;br;;172;187;0.9198
2291;br;31;2938;3194;0.9198
1277;br;22;57;62;0.9194
80;br;22;2926;3183;0.9193
2288;br;28;3313;3604;0.9193
1464;cl;;79;86;0.9186
2163;br;23;1408;1533;0.9185
1575;br;28;867;944;0.9184
1715;br;;90;98;0.9184
948;ar;21;1568;1708;0.9180
405;cl;37;178;194;0.9175
194;ar;30;22;24;0.9167
762;ar;17;66;72;0.9167
901;br;28;1104;1205;0.9162
582;br;22;643;702;0.9160
2703;br;;120;131;0.9160
860;br;20;696;760;0.9158
2698;br;21;4131;4514;0.9152
1563;br;32;248;271;0.9151
2471;ar;;342;374;0.9144
2147;br;24;7425;8123;0.9141
2231;br;18;1681;1839;0.9141
1831;br;20;1890;2068;0.9139
334;br;33;516;565;0.9133
2499;br;18;548;600;0.9133
1044;cl;23;2432;2664;0.9129
189;br;;1455;1594;0.9128
2143;br;22;314;344;0.9128
1009;br;18;73;80;0.9125
1912;br;22;625;685;0.9124
2704;br;35;2333;2558;0.9120
2347;br;;124;136;0.9118
2402;ar;;31;34;0.9118
2111;br;;1123;1232;0.9115
1071;br;30;1890;2074;0.9113
1126;br;;154;169;0.9112
1845;br;29;2430;2668;0.9108
1450;br;22;660;725;0.9103
716;br;23;131;144;0.9097
1992;ar;22;2461;2706;0.9095
53;br;23;4094;4503;0.9092
1263;ar;20;20;22;0.9091
2519;br;31;530;583;0.9091
2701;ar;23;140;154;0.9091
1475;ar;22;898;988;0.9089
2312;br;37;6735;7412;0.9087
1928;br;23;109;120;0.9083
156;br;29;2984;3286;0.9081
488;br;22;2624;2890;0.9080
164;br;21;1240;1366;0.9078
421;br;21;187;206;0.9078
968;br;27;1857;2046;0.9076
265;br;24;1951;2150;0.9074
2339;ar;;137;151;0.9073
848;ar;19;528;583;0.9057
2364;br;;911;1006;0.9056
1665;br;;249;275;0.9055
531;ar;34;258;285;0.9053
2671;br;;698;771;0.9053
1543;br;30;3061;3382;0.9051
1742;br;18;19;21;0.9048
652;br;22;3874;4286;0.9039
501;br;;361;400;0.9025
1699;br;19;795;881;0.9024
400;br;;471;522;0.9023
992;br;32;2900;3214;0.9023
149;br;22;475;527;0.9013
1901;br;30;4037;4479;0.9013
1088;br;21;5281;5862;0.9009
1270;br;;200;222;0.9009
1554;br;33;2397;2662;0.9005
2010;br;18;226;251;0.9004
305;br;24;2777;3085;0.9002
2256;br;21;54;60;0.9000
2321;br;15;234;260;0.9000
2419;br;28;3074;3419;0.8991
1991;br;31;2855;3178;0.8984
2086;br;21;53;59;0.8983
595;ar;22;854;951;0.8980
378;br;18;228;254;0.8976
1965;br;36;3095;3449;0.8974
321;br;35;11162;12444;0.8970
747;br;;801;893;0.8970
1748;br;20;347;387;0.8966
2688;br;27;234;261;0.8966
1432;cl;21;589;657;0.8965
113;br;17;623;695;0.8964
865;br;;1669;1863;0.8959
1913;ar;26;1938;2164;0.8956
1995;br;19;4624;5163;0.8956
85;br;20;3104;3467;0.8953
182;br;20;94;105;0.8952
2115;ar;18;111;124;0.8952
1740;br;24;1357;1516;0.8951
2078;ar;24;5745;6420;0.8949
2246;br;20;1426;1595;0.8940
1303;br;28;1432;1602;0.8939
2581;br;19;1464;1640;0.8927
160;br;22;841;943;0.8918
2195;br;28;5203;5836;0.8915
1622;br;22;205;230;0.8913
1693;br;22;123;138;0.8913
1146;br;;1073;1204;0.8912
1607;br;;2223;2495;0.8910
537;br;;359;403;0.8908
87;br;19;2369;2660;0.8906
114;br;32;5554;6236;0.8906
2368;br;19;1425;1600;0.8906
2212;br;43;81;91;0.8901
2266;br;27;461;518;0.8900
2277;br;16;4107;4615;0.8899
2501;br;22;1691;1901;0.8895
1433;br;;480;540;0.8889
2121;br;23;128;144;0.8889
151;br;45;279;314;0.8885
1959;br;24;1878;2114;0.8884
2285;br;27;1274;1434;0.8884
1658;br;21;358;403;0.8883
1378;br;22;666;750;0.8880
72;ar;25;591;666;0.8874
1837;br;22;3737;4211;0.8874
898;ar;20;181;204;0.8873
597;br;;2113;2382;0.8871
913;br;25;1069;1205;0.8871
1793;pe;36;110;124;0.8871
2012;ar;25;948;1069;0.8868
210;br;23;4537;5117;0.8867
1329;br;21;398;449;0.8864
711;ar;28;1175;1326;0.8861
2696;ar;17;70;79;0.8861
507;br;27;1220;1377;0.8860
2348;br;;2496;2817;0.8860
1099;br;18;2034;2296;0.8859
1347;br;19;2921;3298;0.8857
567;br;20;1897;2142;0.8856
1872;br;27;347;392;0.8852
2452;br;27;2474;2795;0.8852
1222;br;22;3239;3661;0.8847
1257;ar;16;222;251;0.8845
1663;br;23;12469;14097;0.8845
307;br;24;1404;1588;0.8841
2157;br;17;518;586;0.8840
1293;br;22;114;129;0.8837
829;br;31;1010;1143;0.8836
2528;br;27;2391;2708;0.8829
1795;br;18;271;307;0.8827
136;br;21;150;170;0.8824
1076;br;21;15;17;0.8824
2683;br;19;1782;2020;0.8822
2518;br;20;157;178;0.8820
1533;br;;1080;1225;0.8816
431;br;;3926;4454;0.8815
2567;pe;24;89;101;0.8812
1359;br;29;637;723;0.8811
207;br;24;1138;1292;0.8808
1240;br;26;1423;1616;0.8806
751;br;24;368;418;0.8804
435;br;32;403;458;0.8799
2373;br;24;1288;1464;0.8798
339;br;;847;963;0.8795
1094;br;38;552;628;0.8790
809;br;;858;978;0.8773
399;br;33;4723;5384;0.8772
2224;br;31;3534;4029;0.8771
810;br;25;427;487;0.8768
918;br;;269;307;0.8762
484;br;19;622;710;0.8761
630;br;25;3140;3584;0.8761
688;ar;;4554;5198;0.8761
1677;us;21;1979;2259;0.8761
2260;br;32;1420;1621;0.8760
1360;br;25;240;274;0.8759
2264;br;35;10099;11541;0.8751
538;br;22;231;264;0.8750
1714;ar;;489;559;0.8748
2002;br;19;2122;2426;0.8747
2341;br;;90;103;0.8738
557;br;;1210;1385;0.8736
2489;br;28;6166;7060;0.8734
1979;br;;364;417;0.8729
236;br;;849;973;0.8726
805;ar;18;130;149;0.8725
923;br;19;267;306;0.8725
258;br;19;1565;1795;0.8719
1285;br;21;5210;5978;0.8715
2336;br;;61;70;0.8714
2140;br;36;3124;3586;0.8712
634;ar;22;365;419;0.8711
850;br;19;956;1098;0.8707
878;ar;32;3709;4261;0.8705
2310;br;24;47;54;0.8704
705;br;17;1850;2126;0.8702
517;br;20;355;408;0.8701
927;br;28;1196;1375;0.8698
1124;br;;40;46;0.8696
2564;br;22;4176;4804;0.8693
867;ar;24;2357;2712;0.8691
2290;br;20;1738;2000;0.8690
2510;br;;231;266;0.8684
29;ar;21;92;106;0.8679
754;br;26;184;212;0.8679
816;br;21;1017;1172;0.8677
946;ar;31;1343;1548;0.8676
1891;br;22;385;444;0.8671
2629;br;20;176;203;0.8670
373;br;;702;810;0.8667
57;br;22;714;824;0.8665
2133;ar;20;750;866;0.8661
2516;br;;924;1067;0.8660
2617;br;;277;320;0.8656
1695;cl;20;103;119;0.8655
675;br;19;868;1003;0.8654
1836;br;28;1340;1549;0.8651
1447;br;;435;503;0.8648
1820;br;27;3800;4396;0.8644
627;ar;28;672;778;0.8638
410;br;25;95;110;0.8636
477;br;19;1935;2241;0.8635
1553;br;;416;482;0.8631
299;br;28;63;73;0.8630
1747;ar;;107;124;0.8629
222;br;26;383;444;0.8626
763;br;20;275;319;0.8621
2178;ar;22;25;29;0.8621
1155;br;40;468;543;0.8619
2391;br;27;3689;4280;0.8619
1560;br;26;1865;2164;0.8618
2679;br;;106;123;0.8618
359;br;;180;209;0.8612
1012;br;17;167;194;0.8608
1713;br;22;74;86;0.8605
590;br;23;264;307;0.8599
884;br;22;270;314;0.8599
2520;br;;178;207;0.8599
955;br;25;1763;2051;0.8596
2468;uy;22;49;57;0.8596
146;br;25;458;533;0.8593
740;br;24;493;574;0.8589
325;ar;;547;637;0.8587
885;ar;23;394;459;0.8584
40;br;;818;953;0.8583
2370;br;24;277;323;0.8576
423;br;28;30;35;0.8571
843;br;21;1511;1763;0.8571
970;ar;;18;21;0.8571
1284;cl;22;12;14;0.8571
2343;br;31;1166;1361;0.8567
1894;br;27;1366;1595;0.8564
1367;br;;1625;1898;0.8562
1187;br;24;915;1069;0.8559
403;ar;27;1635;1911;0.8556
457;br;17;400;468;0.8547
1117;ar;33;2418;2829;0.8547
1145;br;;41;48;0.8542
890;br;;919;1076;0.8541
1426;br;22;491;575;0.8539
1;cl;;29;34;0.8529
1438;ar;23;626;734;0.8529
2106;py;19;7281;8542;0.8524
1283;br;22;75;88;0.8523
1561;br;;1050;1232;0.8523
546;br;27;897;1053;0.8519
1807;ar;;1505;1767;0.8517
2038;br;23;630;740;0.8514
2611;ar;22;126;148;0.8514
972;br;23;40;47;0.8511
2465;br;49;2843;3343;0.8504
124;br;25;17;20;0.8500
208;ar;;476;560;0.8500
1505;br;23;599;705;0.8496
1488;br;28;316;372;0.8495
444;br;21;643;757;0.8494
376;br;;276;325;0.8492
2275;br;35;399;470;0.8489
1708;br;32;639;753;0.8486
2590;br;24;398;469;0.8486
1429;ar;44;654;771;0.8482
360;br;28;428;505;0.8475
2072;br;32;2168;2559;0.8472
541;br;21;3342;3945;0.8471
1950;br;;2290;2705;0.8466
2282;br;32;265;313;0.8466
1218;br;18;2007;2371;0.8465
746;py;25;678;801;0.8464
1247;br;24;2441;2884;0.8464
1996;ar;;121;143;0.8462
2281;br;;110;130;0.8462
2357;br;17;1639;1937;0.8462
1131;br;;3524;4165;0.8461
1640;ar;35;1484;1754;0.8461
22;ar;;3592;4247;0.8458
879;br;;657;777;0.8456
276;br;;93;110;0.8455
88;br;22;2229;2637;0.8453
202;br;38;5456;6455;0.8452
1038;br;31;49;58;0.8448
1430;br;19;1121;1327;0.8448
2628;br;16;49;58;0.8448
659;br;21;1888;2236;0.8444
2070;ar;28;1659;1965;0.8443
1606;uy;22;401;475;0.8442
1683;br;34;65;77;0.8442
1026;br;;54;64;0.8438
2398;br;26;771;914;0.8435
214;br;;435;516;0.8430
1661;br;28;311;369;0.8428
1228;br;25;300;356;0.8427
939;br;21;615;730;0.8425
2435;ar;22;16;19;0.8421
1642;br;22;1351;1605;0.8417
1180;br;;557;662;0.8414
1373;br;26;1316;1565;0.8409
1511;br;31;58;69;0.8406
1220;br;22;1988;2366;0.8402
187;ca;29;2692;3207;0.8394
2149;ar;25;1682;2006;0.8385
1158;br;47;1190;1420;0.8380
1878;ar;;62;74;0.8378
1962;ar;23;31;37;0.8378
2523;br;22;351;419;0.8377
977;br;22;1555;1857;0.8374
1274;br;;2939;3511;0.8371
527;cl;31;128;153;0.8366
2608;br;;797;953;0.8363
1449;br;;153;183;0.8361
481;cl;25;567;679;0.8351
247;br;;855;1024;0.8350
599;br;18;245;294;0.8333
641;br;25;25;30;0.8333
1635;br;17;10;12;0.8333
2553;br;24;50;60;0.8333
2159;br;17;1512;1815;0.8331
903;br;16;586;704;0.8324
1235;br;29;268;322;0.8323
2571;br;24;3854;4631;0.8322
2018;br;24;935;1124;0.8319
2543;br;;400;481;0.8316
2592;ar;20;596;717;0.8312
1604;br;;595;716;0.8310
950;br;33;986;1187;0.8307
2011;br;;49;59;0.8305
2493;br;40;2382;2869;0.8303
1193;br;29;472;569;0.8295
1231;ar;;610;736;0.8288
1431;br;21;29;35;0.8286
428;br;29;2565;3096;0.8285
808;br;25;418;505;0.8277
1709;br;21;1249;1509;0.8277
937;br;16;210;254;0.8268
387;br;21;4172;5049;0.8263
2261;br;26;1160;1404;0.8262
978;br;20;19;23;0.8261
1500;us;29;232;281;0.8256
2051;br;28;1211;1467;0.8255
1020;br;17;524;635;0.8252
1047;br;;33;40;0.8250
369;br;24;3532;4285;0.8243
836;br;31;89;108;0.8241
586;ar;28;5318;6458;0.8235
2379;br;23;14;17;0.8235
909;cl;36;4216;5124;0.8228
1201;br;27;1666;2026;0.8223
803;br;;374;455;0.8220
2626;br;18;1435;1748;0.8209
1719;br;36;1930;2352;0.8206
813;br;22;91;111;0.8198
1566;br;;382;466;0.8197
2651;br;;104;127;0.8189
1655;br;25;248;303;0.8185
1195;br;;604;738;0.8184
248;br;26;644;787;0.8183
594;br;30;243;297;0.8182
2092;ar;;207;253;0.8182
11;br;28;3475;4248;0.8180
2531;br;27;1081;1322;0.8177
1017;br;;362;443;0.8172
1518;br;21;111;136;0.8162
681;br;43;3855;4729;0.8152
742;br;27;2088;2562;0.8150
1166;br;;145;178;0.8146
125;br;;105;129;0.8140
1234;br;37;288;354;0.8136
414;br;;65;80;0.8125
469;ar;22;104;128;0.8125
969;br;;169;208;0.8125
1656;br;26;2146;2643;0.8120
408;ar;20;120;148;0.8108
377;ar;24;188;232;0.8103
1205;ar;41;94;116;0.8103
2087;br;31;615;759;0.8103
1517;br;;200;247;0.8097
1512;br;;153;189;0.8095
1703;br;;1519;1877;0.8093
123;uy;23;5802;7183;0.8077
830;br;;252;312;0.8077
1800;br;19;499;618;0.8074
1765;br;;100;124;0.8065
47;ar;23;537;666;0.8063
1404;br;22;1732;2149;0.8060
15;br;20;157;195;0.8051
891;br;32;231;287;0.8049
638;br;26;433;538;0.8048
2514;br;38;3158;3928;0.8040
422;br;24;3533;4399;0.8031
1256;br;;1213;1511;0.8028
2491;br;21;985;1227;0.8028
2584;br;28;577;719;0.8025
1631;br;;69;86;0.8023
1847;ar;21;259;323;0.8019
684;br;;3112;3882;0.8016
664;br;29;1402;1750;0.8011
374;br;23;309;386;0.8005
230;br;27;8;10;0.8000
2382;br;28;16;20;0.8000
1822;br;22;239;299;0.7993
1002;br;;301;377;0.7984
1863;br;22;945;1185;0.7975
1605;br;;672;843;0.7972
1552;br;30;106;133;0.7970
1147;ar;19;43;54;0.7963
2237;br;26;43;54;0.7963
1530;ar;30;265;333;0.7958
650;ar;24;62;78;0.7949
1634;ar;23;812;1022;0.7945
355;cl;;197;248;0.7944
2574;ar;22;81;102;0.7941
2695;ar;27;277;349;0.7937
1750;br;34;1640;2069;0.7927
662;br;;72;91;0.7912
942;br;35;242;306;0.7908
2156;br;26;117;148;0.7905
1662;br;23;1726;2184;0.7903
1523;br;20;470;595;0.7899
768;br;21;15;19;0.7895
2099;br;;15;19;0.7895
2394;br;22;251;318;0.7893
1818;ar;23;1674;2122;0.7889
294;br;19;56;71;0.7887
2530;br;;156;198;0.7879
499;ar;20;115;146;0.7877
1324;ar;31;89;113;0.7876
1624;br;;111;141;0.7872
140;br;;133;169;0.7870
2217;br;32;48;61;0.7869
2539;ar;19;48;61;0.7869
2196;br;;107;136;0.7868
2444;br;31;59;75;0.7867
797;ar;31;316;402;0.7861
2484;ar;21;11;14;0.7857
973;br;;69;88;0.7841
897;br;23;243;310;0.7839
1978;br;;336;429;0.7832
666;br;32;115;147;0.7823
166;br;22;185;237;0.7806
1711;ar;;242;310;0.7806
976;ar;28;96;123;0.7805
1926;br;27;1697;2175;0.7802
244;ar;19;85;109;0.7798
874;br;26;340;436;0.7798
615;br;32;106;136;0.7794
917;br;25;2500;3208;0.7793
293;br;23;289;371;0.7790
1469;br;;183;235;0.7787
2332;br;31;260;334;0.7784
1399;br;;165;212;0.7783
1734;ar;22;1083;1392;0.7780
1551;br;21;2255;2900;0.7776
2570;br;;541;696;0.7773
1470;br;18;90;116;0.7759
70;br;30;424;547;0.7751
963;br;19;62;80;0.7750
1003;br;;141;182;0.7747
2047;br;21;158;204;0.7745
2236;br;31;4678;6044;0.7740
2009;br;19;1630;2107;0.7736
1311;cl;28;948;1226;0.7732
732;br;20;51;66;0.7727
1906;br;21;51;66;0.7727
605;br;25;2990;3870;0.7726
492;br;;267;346;0.7717
82;br;22;364;472;0.7712
110;br;;367;476;0.7710
1022;br;22;188;244;0.7705
1471;br;36;3744;4860;0.7704
906;br;;224;291;0.7698
1685;br;22;137;178;0.7697
1519;br;;307;399;0.7694
1964;cl;17;20;26;0.7692
1502;br;31;569;741;0.7679
2650;br;;155;202;0.7673
2049;ar;22;79;103;0.7670
1920;br;23;1020;1331;0.7663
2533;ar;23;519;679;0.7644
383;br;24;2630;3443;0.7639
71;cl;;383;502;0.7629
882;ar;21;125;164;0.7622
2544;br;27;16;21;0.7619
1611;br;15;99;130;0.7615
889;ar;;423;556;0.7608
1410;ar;20;416;547;0.7605
81;br;;295;388;0.7603
412;br;;60;79;0.7595
1910;br;34;1155;1522;0.7589
1527;br;;635;837;0.7587
781;br;;44;58;0.7586
1057;br;21;295;389;0.7584
1156;br;21;361;476;0.7584
1644;br;22;28;37;0.7568
670;br;22;98;130;0.7538
2319;br;;2230;2965;0.7521
1945;br;33;175;233;0.7511
1279;br;;983;1309;0.7510
2589;br;;700;933;0.7503
170;br;;48;64;0.7500
714;br;29;33;44;0.7500
834;br;;126;168;0.7500
2191;br;33;363;484;0.7500
2250;br;33;189;252;0.7500
2623;br;;42;56;0.7500
2129;br;;254;339;0.7493
2221;ar;17;433;578;0.7491
1759;ar;;528;705;0.7489
2097;ar;22;77;103;0.7476
993;ar;21;378;506;0.7470
1587;br;18;147;197;0.7462
730;ar;18;633;849;0.7456
2109;br;24;3442;4618;0.7453
1633;br;23;1099;1477;0.7441
38;ar;26;375;505;0.7426
1729;br;;49;66;0.7424
218;br;;138;186;0.7419
1671;br;;218;294;0.7415
217;br;24;20;27;0.7407
1273;br;20;217;293;0.7406
1838;br;;590;797;0.7403
530;br;24;351;476;0.7374
341;br;24;42;57;0.7368
162;br;;2235;3034;0.7367
1618;cl;22;95;129;0.7364
84;br;21;790;1073;0.7363
1196;br;27;709;965;0.7347
649;br;33;1004;1367;0.7345
1825;br;;855;1164;0.7345
1208;br;;218;297;0.7340
1752;ar;37;495;675;0.7333
958;br;20;1132;1544;0.7332
269;ar;24;3502;4791;0.7310
2397;br;24;334;457;0.7309
1479;br;22;114;156;0.7308
2478;br;28;19;26;0.7308
2658;br;;732;1002;0.7305
2039;br;;173;237;0.7300
448;br;22;647;887;0.7294
928;br;21;194;266;0.7293
1958;br;19;1641;2250;0.7293
1799;br;31;86;118;0.7288
872;br;29;72;99;0.7273
2578;br;;16;22;0.7273
1930;br;22;77;106;0.7264
363;br;23;560;771;0.7263
2423;br;18;130;179;0.7263
2045;ar;24;441;609;0.7241
438;br;18;338;467;0.7238
2112;ar;21;76;105;0.7238
2378;br;23;500;691;0.7236
1103;br;33;3424;4733;0.7234
1856;ar;20;473;654;0.7232
655;br;;13;18;0.7222
1246;br;21;78;108;0.7222
2048;br;19;252;349;0.7221
1183;cl;27;1439;1997;0.7206
1924;ar;25;103;143;0.7203
18;br;;72;100;0.7200
1297;br;;689;958;0.7192
223;br;28;296;412;0.7184
54;ar;;51;71;0.7183
364;br;22;306;426;0.7183
678;br;;1101;1533;0.7182
2400;br;27;3215;4480;0.7176
2692;ar;30;286;399;0.7168
1453;br;21;274;383;0.7154
704;br;21;35;49;0.7143
544;br;17;1235;1731;0.7135
486;br;;72;101;0.7129
1465;br;20;565;794;0.7116
362;br;22;27;38;0.7105
2015;br;21;135;190;0.7105
2376;uy;23;373;525;0.7105
1064;br;20;2093;2948;0.7100
2254;br;;3615;5094;0.7097
979;br;;623;878;0.7096
1961;br;29;95;134;0.7090
1376;br;;17;24;0.7083
1345;br;;118;167;0.7066
2681;br;28;1697;2402;0.7065
1362;br;22;12;17;0.7059
919;br;;67;95;0.7053
2175;br;;55;78;0.7051
58;br;19;461;654;0.7049
323;br;;148;210;0.7048
246;br;37;57;81;0.7037
804;br;29;1484;2109;0.7037
2113;br;33;538;765;0.7033
2137;br;;217;309;0.7023
2152;br;;143;204;0.7010
470;br;;648;925;0.7005
562;br;;28;40;0.7000
1588;ar;21;42;60;0.7000
2335;br;25;70;100;0.7000
2587;br;27;14;20;0.7000
1328;us;32;839;1201;0.6986
1515;ar;26;153;219;0.6986
225;br;23;4410;6315;0.6983
1733;br;;196;281;0.6975
1409;br;19;184;264;0.6970
278;br;19;55;79;0.6962
2186;br;19;408;586;0.6962
1456;ar;;107;154;0.6948
870;br;36;109;157;0.6943
1467;br;38;2925;4214;0.6941
441;br;;52;75;0.6933
936;br;20;352;508;0.6929
2062;uy;20;18;26;0.6923
161;br;23;1027;1484;0.6920
419;ar;19;4074;5888;0.6919
910;uy;22;306;443;0.6907
1689;ar;39;565;818;0.6907
1666;br;;324;470;0.6894
646;br;;102;148;0.6892
280;br;19;379;550;0.6891
322;br;21;294;427;0.6885
1896;us;28;285;414;0.6884
619;br;22;44;64;0.6875
639;ar;;11;16;0.6875
2646;br;;11;16;0.6875
2134;br;;225;328;0.6860
603;br;;480;700;0.6857
1137;br;25;72;105;0.6857
1865;br;;24;35;0.6857
2101;br;;37;54;0.6852
733;py;17;39;57;0.6842
1577;br;;39;57;0.6842
1758;br;19;13;19;0.6842
620;br;;183;268;0.6828
2624;br;25;2794;4092;0.6828
2013;ar;29;2504;3670;0.6823
2663;br;;1014;1487;0.6819
290;br;;15;22;0.6818
2664;br;;17;25;0.6800
1403;br;;769;1131;0.6799
2229;ar;;165;243;0.6790
2323;br;21;792;1167;0.6787
758;br;21;350;518;0.6757
1537;ar;;52;77;0.6753
1182;br;;27;40;0.6750
514;br;19;363;538;0.6747
413;br;;234;347;0.6744
2067;br;29;341;507;0.6726
1739;br;;59;88;0.6705
159;br;28;192;287;0.6690
2661;br;21;204;305;0.6689
1973;ar;27;212;317;0.6688
2642;br;31;226;338;0.6686
2209;br;23;169;253;0.6680
226;br;25;34;51;0.6667
250;br;;560;840;0.6667
673;br;24;46;69;0.6667
723;ar;23;28;42;0.6667
1507;ar;;44;66;0.6667
2405;cl;;14;21;0.6667
661;cl;25;75;113;0.6637
833;br;;49;74;0.6622
771;br;22;90;136;0.6618
1030;ar;21;41;62;0.6613
2627;br;21;76;115;0.6609
1325;br;23;454;687;0.6608
4;br;;29;44;0.6591
139;br;22;110;167;0.6587
24;br;;156;237;0.6582
1916;ar;23;73;111;0.6577
777;ar;;989;1505;0.6571
846;br;31;581;886;0.6558
7;br;;194;296;0.6554
2008;br;;325;497;0.6539
1804;ar;19;202;309;0.6537
1068;br;20;541;828;0.6534
232;ar;19;408;626;0.6518
842;br;29;82;126;0.6508
2713;br;;13;20;0.6500
578;br;;243;374;0.6497
1585;br;22;1908;2938;0.6494
2603;ar;;24;37;0.6486
2172;br;18;214;330;0.6485
755;br;;59;91;0.6484
1330;br;19;1468;2265;0.6481
192;br;31;1939;2993;0.6478
233;ar;20;11;17;0.6471
2662;br;;44;68;0.6471
2155;br;;42;65;0.6462
2476;br;;82;127;0.6457
28;br;24;111;172;0.6453
548;ar;;27;42;0.6429
2019;br;30;124;193;0.6425
767;br;29;226;352;0.6420
880;ar;;367;572;0.6416
116;br;25;93;145;0.6414
1291;br;;109;170;0.6412
199;ar;21;133;208;0.6394
39;br;26;44;69;0.6377
2034;br;28;918;1443;0.6362
1343;cl;23;80;126;0.6349
1680;br;26;78;123;0.6341
1162;br;16;64;101;0.6337
1755;br;;235;371;0.6334
1568;br;37;19;30;0.6333
2389;br;21;365;577;0.6326
2004;br;28;74;117;0.6325
1442;br;;53;84;0.6310
2424;br;;484;767;0.6310
1101;ar;19;41;65;0.6308
2616;br;;34;54;0.6296
436;br;23;56;89;0.6292
613;br;19;306;487;0.6283
115;br;;86;137;0.6277
1731;br;;97;155;0.6258
2337;br;21;137;219;0.6256
449;cl;;10;16;0.6250
981;br;;177;284;0.6232
625;br;;23;37;0.6216
1340;br;24;23;37;0.6216
1850;br;;609;980;0.6214
344;br;22;282;455;0.6198
482;br;;44;71;0.6197
2271;ar;;295;476;0.6197
2463;ar;30;143;231;0.6190
385;br;;34;55;0.6182
657;br;20;21;34;0.6176
1264;ar;;929;1505;0.6173
1998;br;;371;602;0.6163
1746;br;;330;536;0.6157
2117;br;25;73;119;0.6134
998;ar;21;19;31;0.6129
1175;br;22;1555;2540;0.6122
1550;br;31;71;116;0.6121
604;ar;;11;18;0.6111
1953;ar;19;400;656;0.6098
2511;br;23;162;266;0.6090
2371;br;24;14;23;0.6087
434;br;27;20;33;0.6061
1776;br;;81;134;0.6045
1332;us;21;2253;3730;0.6040
1319;br;;301;500;0.6020
1417;br;;12;20;0.6000
1050;br;31;156;261;0.5977
237;br;;418;700;0.5971
2279;br;;77;129;0.5969
1356;br;37;66;111;0.5946
984;br;25;33;56;0.5893
1579;br;16;93;158;0.5886
1048;br;;10;17;0.5882
1081;br;;10;17;0.5882
1701;pe;;10;17;0.5882
1491;br;23;155;264;0.5871
2088;ar;;324;553;0.5859
2177;ar;24;113;193;0.5855
1418;ar;27;48;82;0.5854
1377;br;33;31;53;0.5849
2439;br;26;617;1056;0.5843
2226;br;;2152;3689;0.5834
560;cl;21;7;12;0.5833
2541;br;;25;43;0.5814
1692;br;28;78;135;0.5778
790;br;33;1225;2130;0.5751
1308;br;18;230;400;0.5750
526;br;24;592;1030;0.5748
203;br;;104;181;0.5746
99;ar;22;568;990;0.5737
150;br;;71;124;0.5726
1743;br;;1610;2815;0.5719
350;ar;14;207;362;0.5718
167;br;;64;112;0.5714
966;ar;23;64;112;0.5714
1391;ar;22;12;21;0.5714
211;br;;33;58;0.5690
2296;br;16;1132;1991;0.5686
1948;br;31;21;37;0.5676
1514;br;;86;152;0.5658
2032;br;;358;633;0.5656
141;br;;156;276;0.5652
869;uy;;48;85;0.5647
549;br;;381;675;0.5644
622;br;;9;16;0.5625
118;py;;126;225;0.5600
2216;br;;33;59;0.5593
1869;br;33;148;266;0.5564
219;br;;10;18;0.5556
671;br;26;72;130;0.5538
1866;br;20;31;56;0.5536
975;br;;329;596;0.5520
165;br;;11;20;0.5500
2351;br;;371;675;0.5496
1909;br;16;141;257;0.5486
157;br;;166;304;0.5461
101;br;;169;311;0.5434
1227;br;28;26;48;0.5417
2306;br;;20;37;0.5405
1590;br;17;702;1301;0.5396
367;br;;57;106;0.5377
1917;us;19;66;123;0.5366
1676;br;;23;43;0.5349
905;ar;17;58;109;0.5321
1104;br;;322;608;0.5296
2197;ar;24;853;1611;0.5295
819;ar;;9;17;0.5294
2076;cl;22;86;163;0.5276
1086;uy;20;10;19;0.5263
509;ar;26;499;953;0.5236
588;br;23;12;23;0.5217
738;br;;48;92;0.5217
687;br;;13;25;0.5200
475;ar;;44;85;0.5176
962;br;;15;29;0.5172
1341;br;26;33;64;0.5156
2194;br;20;18;35;0.5143
145;br;;57;111;0.5135
2715;br;21;19;37;0.5135
1254;br;;140;273;0.5128
1428;br;20;87;170;0.5118
645;br;;182;356;0.5112
220;br;;28;55;0.5091
209;br;29;36;71;0.5070
2558;br;17;65;129;0.5039
2322;br;;170;338;0.5030
2182;br;;100;199;0.5025
64;br;16;112;223;0.5022
1186;br;;400;797;0.5019
46;br;24;9;18;0.5000
127;ar;20;42;84;0.5000
191;br;22;11;22;0.5000
331;br;23;18;36;0.5000
841;ar;22;20;40;0.5000
1089;br;;48;96;0.5000
1230;br;30;50;100;0.5000
1542;br;;8;16;0.5000
1601;br;;10;20;0.5000
1764;ar;;23;46;0.5000
1969;br;;22;44;0.5000
2031;br;24;2;4;0.5000
14;br;18;347;704;0.4929
2434;br;20;243;493;0.4929
2052;br;;341;692;0.4928
1730;br;;100;203;0.4926
1771;br;28;28;57;0.4912
2498;br;;28;57;0.4912
2459;br;23;194;395;0.4911
2313;br;21;50;102;0.4902
568;br;29;415;847;0.4900
2144;br;;244;498;0.4900
2317;br;33;28;58;0.4828
2;br;;204;423;0.4823
1679;br;;128;266;0.4812
1474;br;23;289;601;0.4809
2657;br;21;21;44;0.4773
1167;br;;903;1895;0.4765
1918;br;;10;21;0.4762
2577;br;21;110;232;0.4741
2035;br;;45;95;0.4737
1686;br;31;197;416;0.4736
1210;br;;8;17;0.4706
2417;uy;15;8;17;0.4706
1876;br;;1335;2853;0.4679
1696;br;;28;60;0.4667
1313;ar;;123;268;0.4590
1770;br;;22;48;0.4583
1786;ar;;257;564;0.4557
1814;ar;;10;22;0.4545
2150;ar;;25;55;0.4545
2492;ar;;70;154;0.4545
73;br;19;29;64;0.4531
1904;br;;109;241;0.4523
407;br;20;240;533;0.4503
13;br;22;9;20;0.4500
1275;br;;9;20;0.4500
2432;br;21;26;58;0.4483
680;br;22;50;115;0.4348
398;br;;16;37;0.4324
281;br;21;609;1418;0.4295
745;br;26;6;14;0.4286
1448;br;;9;21;0.4286
1629;br;;18;42;0.4286
2179;br;;36;85;0.4235
163;br;;8;19;0.4211
271;ar;;74;176;0.4205
1890;br;;5;12;0.4167
607;br;30;37;89;0.4157
285;br;;45;109;0.4128
55;ar;20;7;17;0.4118
1301;br;20;58;143;0.4056
23;br;18;12;30;0.4000
433;ar;21;8;20;0.4000
1458;ar;31;8;20;0.4000
579;br;46;17;43;0.3953
1092;br;;291;741;0.3927
2540;br;;27;69;0.3913
1170;br;19;39;101;0.3861
508;br;;10;26;0.3846
66;br;21;44;117;0.3761
2170;br;;84;224;0.3750
2293;br;;45;120;0.3750
1694;br;22;8;22;0.3636
1840;br;27;21;58;0.3621
1412;br;;12;34;0.3529
1598;br;29;6;17;0.3529
67;br;;5;15;0.3333
1641;br;20;4;12;0.3333
2309;br;21;6;18;0.3333
456;br;22;131;398;0.3291
1678;br;24;51;158;0.3228
2294;br;20;19;59;0.3220
831;ar;;7;22;0.3182
593;ar;;8;27;0.2963
2472;br;;16;54;0.2963
818;br;;9;31;0.2903
495;br;;13;46;0.2826
722;br;30;11;39;0.2821
311;ar;22;5;18;0.2778
1199;br;;1;4;0.2500
2274;br;;6;24;0.2500
8;br;;6;25;0.2400
1032;br;25;16;67;0.2388
1192;ar;22;5;21;0.2381
1974;ar;19;17;72;0.2361
1929;br;;2;16;0.1250
1638;br;26;3;38;0.0789
2467;ar;;1;21;0.0476
178;ar;;0;3;0.0000
1855;br;;0;3;0.0000
